3,False,False,0,22.0,nan
3,True,False,0,22.0,19.332999999999998
3,False,False,40.076693058013916,22.160306772232055,24.020333333333337
3,False,True,80.11478996276855,22.320459159851076,24.312000000000001
3,False,True,120.14832806587219,22.48059331226349,23.353999999999999
