2,False,True,0,22.0,26.5
2,False,True,0,22.0,26.625
2,False,True,0,22.0,26.625
2,False,True,40.076693058013916,22.160279309608185,26.625
2,False,True,80.11478996276855,22.320239809865157,26.625
2,False,True,120.14832806587219,22.479853636668132,26.562000000000001
