4,False,False,0,22.0,nan
4,True,False,0,22.0,19.562000000000001
4,True,False,40.076693058013916,22.064111723843276,19.437000000000001
4,True,False,80.11478996276855,22.128095923946063,19.395666666666667
4,True,False,120.14832806587219,22.191941454667255,19.437000000000001
